employee_id,employee_name,department,base_salary,sales_target,actual_sales,customer_satisfaction,projects_completed,attendance_rate,years_of_service,sales_performance_score,customer_satisfaction_score,project_performance_score,attendance_score,loyalty_score,performance_score,sales_bonus,satisfaction_bonus,project_bonus,attendance_bonus,loyalty_bonus,department_multiplier,performance_multiplier,subtotal_bonus,total_bonus,bonus_percentage,performance_category
1,Employee_1,HR,114047.17728806465,370276.0468157123,106399.6361404864,3.992074908586813,9,0.917581620296514,3.423189078544429,0.2873521985975017,0.7480187271467033,0.9,0.917581620296514,0.3423189078544429,0.6335576198533384,1638.585356878222,1706.1884877938503,4500,1046.4759372622616,195.20252586566158,1.0,1.0,9086.452307799995,9086.452307799995,7.967275055698303,Good
2,Employee_2,Finance,109502.70044528594,394086.4476963088,541040.9174543432,4.385780717383879,1,0.8693739122727242,4.395557467941604,1.3728990697779098,0.8464451793459697,0.1,0.8693739122727242,0.4395557467941604,0.8189891139365277,7516.807778975109,1853.7606583455613,500,951.9879109054642,240.6627063510245,1.05,1.0,11063.219054577157,11616.380007306016,10.6083045989448,Good
3,Employee_3,Marketing,81461.54718967424,183628.64829508547,94360.72137432644,3.696673208906395,14,0.9931076540888084,1.180640779999537,0.5138671021674773,0.6741683022265987,1.0,0.9931076540888084,0.1180640779999537,0.6994217297133201,2093.0204596218555,1098.3758593122927,7000,809.0008602798215,48.08841230699304,1.15,1.0,11048.485591520963,12705.758430249107,15.59724663793231,Good
4,Employee_4,Finance,56678.70815432879,316579.1895310263,381009.74566393055,4.873296303711415,1,0.940926195167632,3.898712490248605,1.2035211355122561,0.9683240759278537,0.1,0.940926195167632,0.3898712490248605,0.8018935197752599,3410.701159863278,1097.6671539664987,500,533.3048121066922,110.48699370621857,1.05,1.0,5652.160119642687,5934.768125624822,10.470895189539634,Good
5,Employee_5,Finance,75957.27765387864,378313.7597380329,308006.54396940523,3.0783726533512925,5,0.8842964208255194,2.9030320629689017,0.8141563346326273,0.5195931633378231,0.5,0.8842964208255194,0.29030320629689016,0.6540551378521456,3092.05493816773,789.3376434941629,2500,671.6874876497509,110.25320622252048,1.05,1.0,7163.3332755341635,7521.499939310872,9.902276874093312,Good
6,Employee_6,Engineering,96818.88768645252,191420.00871891988,429453.5903535037,3.8358920634311575,6,0.9507551026608784,3.947476169601232,2.2435146316606382,0.7089730158577894,0.6,0.9507551026608784,0.3947476169601232,1.1644747748979372,10860.729557283214,1372.8395759012167,3000,920.5105150184523,191.09512595478475,1.1,1.5,16345.174774157667,24204.72192161313,25.0,Excellent
7,Employee_7,Marketing,96614.56496322477,169981.97083837446,250639.3870868606,4.935161103040495,6,0.9427192360686844,2.077859186373261,1.4745057128745636,0.9837902757601238,0.6,0.9427192360686844,0.2077859186373261,0.9684322080918634,7122.936399258279,1900.9693901523058,3000,910.8040887523954,100.37573067314639,1.15,1.5,13035.085608836125,22485.52267524231,23.27342951220778,Excellent
8,Employee_8,Marketing,91390.8451395409,492867.33733177424,160621.640698427,4.095943766496175,3,0.903724407704926,9.014745526659055,0.32589224022833624,0.7739859416240438,0.3,0.903724407704926,0.9014745526659056,0.5834571972008854,1489.178362944297,1414.7045866228946,1500,825.9213739338422,411.9326061996335,1.15,0.5,5641.736929700667,3243.998734577883,3.54958828712521,Needs Improvement
9,Employee_9,Marketing,69230.52550930448,306654.3565084057,590557.2619214761,3.846941884616237,7,0.8670336388299443,6.342332081986438,1.9258075073369725,0.7117354711540592,0.7,0.8670336388299443,0.6342332081986438,1.096919395017757,6666.233288135118,985.4764138321589,3500,600.2519445044155,219.54149149522118,1.15,1.5,11971.503137966914,17307.63137732612,25.0,Excellent
10,Employee_10,Finance,89287.03980933908,204331.6699321636,516245.42107606895,4.137040567499916,9,0.95073597933892,7.111920872300407,2.526507130526844,0.784260141874979,0.9,0.95073597933892,0.7111920872300407,1.356070572123837,11279.21713709647,1400.4853301693834,4500,848.8840123540513,317.50118102297796,1.05,1.5,18346.08766064288,22321.75995233477,25.0,Excellent
11,Employee_11,HR,76804.88123276528,498501.4799031697,527410.4015220711,4.151849150516169,11,0.928046155135569,8.102541147466045,1.0579916465333599,0.7879622876290422,1.0,0.928046155135569,0.8102541147466045,0.9416245939875907,4062.946137862625,1210.3869983449326,5500,712.7847472371185,311.1573552573617,1.0,1.5,11797.275238702037,17695.912858053056,23.04008882511481,Excellent
12,Employee_12,Marketing,118019.84667723726,486167.7405155175,210130.7074682493,4.463295510599281,12,0.965847758760346,5.485979790361515,0.4322185327340582,0.8658238776498202,1.0,0.965847758760346,0.5485979790361515,0.7508596850058659,2550.5182482167,2043.6880257944563,6000,1139.8920440244929,323.7272468664441,1.15,1.0,12057.825564902092,13866.499399637405,11.749294538197248,Good
13,Employee_13,Finance,109423.96769862589,323317.38144283905,100194.06190330008,3.2553794588449314,10,0.928024525166799,1.7822825927868131,0.3098938308116104,0.5638448647112329,1.0,0.928024525166799,0.1782282592786813,0.6091648531469576,1695.4906266366547,1233.9628452639606,5000,1015.4812566538445,97.51221643146371,1.05,1.0,9042.446944985923,9494.56929223522,8.676864394448794,Good
14,Employee_14,Engineering,100521.06648154111,453054.5372757359,237698.06763007588,3.500032898432209,8,0.9778272250477812,5.83395887636693,0.5246566319794062,0.6250082246080523,0.8,0.9778272250477812,0.583395887636693,0.6963036682886579,2636.952209159167,1256.52986594672,4000,982.9223549648888,293.21788403092853,1.1,1.0,9169.622314101704,10086.584545511874,10.03429917584897,Good
15,Employee_15,HR,66518.94438242691,175482.84333655174,359282.8621422608,4.161088024687819,6,0.9327860258161728,6.281570062187912,2.047395946583827,0.7902720061719548,0.6,0.9327860258161728,0.6281570062187912,1.1416460909946526,6809.530854980795,1051.3611925108241,3000,620.4794177197102,208.92170480049782,1.0,1.5,11690.293170011828,16629.736095606728,25.0,Excellent
16,Employee_16,Engineering,67924.78259329268,211548.54103687275,249858.6457339413,4.734233214419444,12,0.934140695730308,7.70895526765897,1.1810936842641289,0.9335583036048609,1.0,0.934140695730308,0.770895526765897,1.0049574578228622,4011.276586297601,1268.2348962104659,6000,634.5130366902835,261.81455528857697,1.1,1.5,12175.839074486927,16981.19564832317,25.0,Excellent
17,Employee_17,HR,52830.3512676902,380143.1319891085,510491.8819695461,4.123733384287547,8,0.9814980403987518,4.884935916067114,1.3428938707859444,0.7809333460718868,0.8,0.9814980403987518,0.4884935916067114,0.9642037976905822,3547.2777454424813,825.1396597926092,4000,518.5288624281565,129.03644018299082,1.0,1.5,9019.982707846237,13207.58781692255,25.0,Excellent
18,Employee_18,Finance,99746.40227800512,438664.4568953224,221202.31622626577,3.47719371958068,12,0.9105224299318596,2.148222725160074,0.5042631395117814,0.61929842989517,1.0,0.9105224299318596,0.21482227251600738,0.6787253410705412,2514.9216983855986,1235.4558063692116,6000,908.2133657913,107.13874406328458,1.05,1.0,10765.729614609394,11304.016095339864,11.332755705648635,Good
19,Employee_19,Sales,57762.35745682819,442529.716751237,581930.9518032003,4.359689559800492,5,0.8701022842675961,3.55398315218852,1.315009884704141,0.8399223899501229,0.5,0.8701022842675961,0.355398315218852,0.8720477317766712,3797.903550977151,970.3179464858488,2500,502.5915916786762,102.64322261612917,1.2,1.0,7873.456311757805,9448.147574109365,16.35692861249811,Good
20,Employee_20,HR,80753.55513060391,261803.250848876,317777.88403913885,4.479817520894749,8,0.8543174014470009,4.267740667587716,1.2138041945956348,0.8699543802236873,0.8,0.8543174014470009,0.42677406675877155,0.9116730213887053,4900.950197301844,1405.0381800900777,4000,689.8916737678466,172.31761564158245,1.0,1.5,11168.19766680135,16752.296500202025,20.744964693019753,Excellent
21,Employee_21,Engineering,64120.34416347773,455108.0395043839,517851.9990062303,3.4764723048079587,10,0.9632705883510428,6.8132551719844106,1.1378660758666779,0.6191180762019897,1.0,0.9632705883510428,0.681325517198441,0.925970107390454,3648.018219825862,793.9612824780362,5000,617.6524164762455,218.43413325061752,1.1,1.5,10278.066052030761,16030.086040869432,25.0,Excellent
22,Employee_22,Finance,112703.45169714636,440371.3795070051,181077.617677334,3.7554577723525897,12,0.9430464327030196,6.137004742020207,0.41119297507492436,0.6888644430881474,1.0,0.9430464327030196,0.6137004742020207,0.7111101151009128,2317.143380228132,1552.7480097493333,6000,1062.8458807631096,345.83080875371627,1.05,1.0,11278.568079494291,11842.496483469005,10.50766086143647,Good
23,Employee_23,HR,83275.91562274782,474253.997688379,293904.03062947287,4.068654947061127,4,0.9556119652148836,4.204870533080616,0.6197186150502209,0.7671637367652817,0.4,0.9556119652148836,0.4204870533080616,0.6525194302419056,2580.381754838417,1277.7252522339504,2000,795.7946138332287,175.0822218587,1.0,1.0,6828.983842764296,6828.983842764296,8.200430810872858,Good
24,Employee_24,Sales,89429.29003834687,414136.26044557744,443746.3495989408,3.993122381366155,10,0.8819446242263366,9.878637239136816,1.0714984220930215,0.7482805953415388,1.0,0.8819446242263366,0.9878637239136816,0.9462809429328496,4791.167158249392,1338.3640478173068,5000,788.716815976979,441.71975742119025,1.2,1.5,12359.967779464867,22247.94200303676,24.877690512243746,Excellent
25,Employee_25,Sales,98686.12604982892,367595.3018856915,151943.6080572567,3.779236172438407,8,0.8704557213380154,6.451973374211985,0.41334480413056407,0.6948090431096018,0.8,0.8704557213380154,0.6451973374211984,0.6615761278708125,2039.5698721235347,1371.3602561775037,4000,859.0190303675814,318.36012883881193,1.2,1.0,8588.309287507433,10305.971145008918,10.443181384792826,Good
26,Employee_26,Marketing,59753.2018084113,332274.64857458184,149027.6195663443,3.5952703490186217,10,0.8521816998501822,3.1350411256239505,0.4485073423616722,0.6488175872546554,1.0,0.8521816998501822,0.3135041125623951,0.6661024713857087,1339.9874870345611,775.3785645614787,5000,509.2058508858293,93.66437252853842,1.15,1.0,7718.236275010408,8875.971716261967,14.854386790387055,Good
27,Employee_27,Marketing,92309.2165494472,248913.10662469725,584159.1708993627,3.1999697743237268,12,0.9025881338209896,1.9160422535836337,2.346839741870797,0.5499924435809317,1.0,0.9025881338209896,0.19160422535836336,1.2137284605774596,10831.746896960009,1015.3874315014369,6000,833.1720349984315,88.43417965197123,1.15,1.5,18768.74054311185,23077.3041373618,25.0,Excellent
28,Employee_28,Engineering,87788.87639111711,476053.3769831114,451589.4541735751,3.106970593494738,2,0.9384876530281948,2.375732252658988,0.9486109667689551,0.5267426483736845,0.2,0.9384876530281948,0.2375732252658988,0.6413866728376523,4163.874545246896,924.842904960141,1000,823.887765662818,104.28143253353507,1.1,1.0,7016.88664840339,7718.575313243729,8.792201962872747,Good
29,Employee_29,HR,64214.28573143386,489465.5347021269,101355.1087192954,4.917082993766397,12,0.9088366067649598,3.213619555460573,0.20707302462261593,0.9792707484415992,1.0,0.9088366067649598,0.3213619555460573,0.6718795739827024,664.8523185194449,1257.663432977279,6000,583.6029354999192,103.18014218323435,1.0,1.0,8609.29882917988,8609.29882917988,13.407139441193685,Good
30,Employee_30,HR,115999.74993905867,213568.3898949863,287386.8687512932,4.694286288191179,12,0.9156212383035592,2.446132359336001,1.3456432803216067,0.9235715720477948,1.0,0.9156212383035592,0.2446132359336001,0.995992869760113,7804.714201224051,2142.68142816735,6000,1062.1183468210413,141.87537100040788,1.0,1.5,17151.38934721285,25727.084020819275,22.17856851789352,Excellent
31,Employee_31,Marketing,91920.58265419753,222145.5441377574,305430.7835419859,3.7098103809254415,5,0.9856238041740624,2.679103216461752,1.3749129415469235,0.6774525952313604,0.5,0.9856238041740624,0.26791032164617523,0.871880194509779,6319.139934289491,1245.4367454852977,2500,905.991143575265,123.13236432394947,1.15,1.0,11093.700187674005,12757.755215825106,13.879106123401543,Good
32,Employee_32,HR,98634.94531277932,294245.50143449067,466902.17435954,4.913601770252913,9,0.902238320053495,3.565856518244624,1.5867776128549878,0.9784004425632282,0.9,0.902238320053495,0.3565856518244624,1.0678196015622872,7825.586153374712,1930.0894829244621,4500,889.9222735757038,175.8590313351381,1.0,1.5,15321.456941210015,22982.185411815022,23.30024651905739,Excellent
33,Employee_33,HR,111632.74873106804,279369.6571944989,210447.47422026383,4.353539808848606,4,0.9270984233739716,2.560362357652793,0.7532939558777816,0.8383849522121516,0.4,0.9270984233739716,0.25603623576527934,0.684688485457087,4204.613744856832,1871.8243342041521,2000,1034.9454534547592,142.91014386616965,1.0,1.0,9254.293676381913,9254.293676381913,8.289945183268957,Good
34,Employee_34,Sales,93704.78336936553,497782.98504432826,175853.51065231243,3.9650418992852847,11,0.9675479519111716,9.070888821637826,0.35327344633254676,0.7412604748213212,1.0,0.9675479519111716,0.9070888821637826,0.7384526074626409,1655.1705879370236,1389.1930442680987,5500,906.6387123330964,424.9928359995859,1.2,1.0,9875.995180537806,11851.194216645366,12.647373795135225,Good
35,Employee_35,Marketing,70694.35800863997,170370.10107093817,122053.94264094278,3.9860513155436097,6,0.9094814173481904,1.72210371095478,0.7164047087705979,0.7465128288859024,0.6,0.9094814173481904,0.17221037109547802,0.6833412989875458,2532.2885480452055,1055.4849036660517,3000,642.9520492021828,60.87150813512234,1.15,1.0,7291.597009048562,8385.336560405845,11.861394312939407,Good
36,Employee_36,Finance,57384.598188118944,107230.14544620836,302723.52696885605,3.166568822390519,1,0.943313005034181,5.720602506132292,2.823119615376408,0.5416422055976298,0.1,0.943313005034181,0.5720602506132292,1.2211329518006075,8100.1792382686035,621.6384065989299,500,541.316377595135,164.1372381041739,1.05,1.5,9927.271260566842,14346.149547029736,25.0,Excellent
37,Employee_37,Marketing,81957.41993380371,297557.4860733738,438019.9483979905,3.183408294516962,9,0.9793545563120116,4.693571442906954,1.4720515157530953,0.5458520736292405,0.9,0.9793545563120116,0.4693571442906954,0.9735924951432485,6032.277212038436,894.7325524033841,4500,802.6537263574755,192.33650286781716,1.15,1.5,12421.999993667112,20489.35498345093,25.0,Excellent
38,Employee_38,Finance,65290.83060517835,171529.08368853154,110260.66966439068,4.204881851802238,1,0.9924280935486464,9.841407552177458,0.6428103461719986,0.8012204629505595,0.1,0.9924280935486464,0.9841407552177458,0.6699868906732154,2098.481071158601,1046.2469904781512,500,647.9645454370476,321.2768367028707,1.05,1.0,4613.96944377667,4844.667915965504,7.4201352181622635,Good
39,Employee_39,Sales,79155.69635092563,246587.513833144,555911.1383657698,4.107406104691601,5,0.8720610221393557,2.008350119512471,2.2544172238255857,0.7768515261729003,0.5,0.8720610221393557,0.20083501195124712,1.1261911780052516,8922.49826087174,1229.844470309905,2500,690.2859746794066,79.48617611323719,1.2,1.5,13422.11488197429,19788.924087731408,25.0,Excellent
40,Employee_40,Engineering,111829.61812432078,397668.2092226249,310023.15946017427,3.425455790048458,4,0.9889881437742242,4.580700391411675,0.7796025738799134,0.6063639475121145,0.4,0.9889881437742242,0.4580700391411675,0.6787581943353586,4359.132906286415,1356.188973892709,2000,1105.9816644775235,256.1289877567472,1.1,1.0,9077.432532413395,9985.175785654736,8.928918790149345,Good
41,Employee_41,HR,72704.15147036918,388375.9697008517,204689.42676184967,4.89238908576338,13,0.9238174439619308,9.72523389947832,0.5270393709464378,0.973097271440845,1.0,0.9238174439619308,0.972523389947832,0.8347470933592698,1915.8975128068953,1414.964228364763,6500,671.6536337677751,353.53243925622047,1.0,1.0,10856.047814195654,10856.047814195654,14.931812825874285,Good
42,Employee_42,Sales,58546.15682904713,223224.3167409557,128814.11084227172,4.562592100942405,12,0.8887366582448437,8.789564133045822,0.5770612840166341,0.8906480252356013,1.0,0.8887366582448437,0.8789564133045822,0.8168909632315375,1689.2360217004587,1042.8803792984927,6000,520.3211577332589,257.2976000961342,1.2,1.0,9509.735158828344,11411.682190594012,19.491769927641453,Good
43,Employee_43,HR,74940.84866538824,317016.0922219597,175090.31849579982,3.226929204034896,13,0.9188703634357392,8.353648638543518,0.5523073521870613,0.556732301008724,1.0,0.9188703634357392,0.8353648638543518,0.7443492249304463,2069.519084851592,834.4398223405632,6500,688.6092484934803,313.01475921245816,1.0,1.0,10405.582914898092,10405.582914898092,13.885061485437856,Good
44,Employee_44,Engineering,113477.99090820276,303525.630735504,565999.2786166491,4.861858211374585,13,0.9970048862928216,3.3211254434044584,1.8647495344795706,0.9654645528436463,1.0,0.9970048862928216,0.33211254434044585,1.1851300026052094,10580.401535987403,2191.179554995667,6500,1131.3811142217053,188.43732143582602,1.1,1.5,20591.399526640602,28369.49772705069,25.0,Excellent
45,Employee_45,Engineering,69049.25745692448,354533.0472743581,411900.7087985422,4.948496417068821,14,0.9238927140989304,2.5379882865105925,1.1618118873973113,0.9871241042672052,1.0,0.9238927140989304,0.25379882865105924,0.9561268127575264,4011.112406470615,1363.2037283496443,7000,637.9410587839376,87.62310330896426,1.1,1.5,13099.880296913161,17262.31436423112,25.0,Excellent
46,Employee_46,Sales,95338.30843789536,200184.72744223365,348682.05386181467,4.9918624840606585,3,0.8993127415431262,7.017788979319879,1.7418014766507708,0.9979656210151646,0.3,0.8993127415431262,0.7017788979319879,1.032174005300088,8303.02032092564,1902.8870837351913,1500,857.3895553536785,334.5320651312308,1.2,1.5,12897.82902514574,23216.09224526233,24.351273507632666,Excellent
47,Employee_47,Engineering,50036.42638967211,335948.3390242176,421697.8908200868,3.1117423093547,13,0.9450101281475088,9.364383902148273,1.2552462442437846,0.527935577338675,1.0,0.9450101281475088,0.9364383902148272,0.9648068533918549,3140.4018150508255,528.3201930799132,6500,472.84929714547434,234.28015290223627,1.1,1.5,10875.85145817845,12509.106597418027,25.0,Excellent
48,Employee_48,Finance,74679.81994339183,491557.1433100036,306549.9073125033,4.474071113582018,6,0.8860218428167289,6.010866037125368,0.623630256389491,0.8685177783955045,0.6,0.8860218428167289,0.6010866037125367,0.7181056615305477,2328.6297629209234,1297.2150261642194,3000,661.6795168746554,224.44519667818582,1.05,1.0,7511.969502637985,7887.567977769884,10.561846538661651,Good
49,Employee_49,Engineering,71334.68807106203,294696.86118378205,459620.44461214566,4.091831540329978,2,0.8613794992162995,6.144514205229099,1.5596380727160584,0.7729578850824945,0.2,0.8613794992162995,0.6144514205229099,0.8962040407268674,5562.81477104762,1102.7741924885513,1000,614.4623788740236,219.1585020891137,1.1,1.0,8499.209844499308,9349.130828949239,13.106009266678004,Good
50,Employee_50,HR,61525.90972000592,462439.5150874216,104812.38639965738,4.411662967757389,3,0.8693319582865974,3.5198118429425573,0.22665101700887993,0.8529157419393472,0.3,0.8693319582865974,0.35198118429425573,0.5076429635772784,697.2455005217937,1049.528338746643,1500,534.8643958225714,108.27981284014572,1.0,0.5,3889.9180479311535,1944.9590239655768,3.1612031952339406,Needs Improvement
51,Employee_51,HR,87386.25935628093,273757.74620417145,374339.3494569197,4.93730388794827,5,0.8692068758436658,7.925436398727432,1.3674109852501979,0.9843259719870674,0.5,0.8692068758436658,0.7925436398727432,0.9601842291284804,5974.646550185073,1720.3312935837039,2500,759.5673748673727,346.2871203254523,1.0,1.5,11300.832338961602,16951.248508442404,19.39807085611798,Excellent
52,Employee_52,HR,83938.09799512883,240031.36307787028,162496.15277409533,4.376060020350078,9,0.8727854040268441,2.6833937370177106,0.6769788359756087,0.8440150050875195,0.9,0.8727854040268441,0.2683393737017711,0.7532876699857325,2841.215793737445,1416.9002841279073,4500,732.5994677192335,112.61948322865379,1.0,1.0,9603.33502881324,9603.33502881324,11.440972881432874,Good
53,Employee_53,HR,98470.52230231892,358041.3448122259,142485.61685893394,4.673927748474748,2,0.8708240758974115,3.913113127638193,0.397958556807623,0.918481937118687,0.2,0.8708240758974115,0.3913113127638193,0.5563799009218886,1959.3593471761844,1808.8679214664548,1000,857.5050158705233,192.66314675329681,1.0,0.5,5818.39543126646,2909.19771563323,2.9543843656089965,Needs Improvement
54,Employee_54,Finance,68858.86336589651,367569.6238652399,257777.4266925288,4.733737410621683,10,0.9461312117204822,4.828927947547751,0.7013023110610369,0.9334343526554207,1.0,0.9461312117204822,0.4828927947547751,0.8345930856689692,2414.54400077697,1285.5045710106735,5000,651.4951983407079,166.25724487197485,1.05,1.0,9517.801015000327,9993.691065750343,14.513296585577804,Good
55,Employee_55,Marketing,67088.7865573442,445667.0260287612,127735.51422298978,4.67696152752797,8,0.8772820126598717,5.568493408160095,0.2866164799339369,0.9192403818819925,0.8,0.8772820126598717,0.5568493408160096,0.6609743569701548,961.4375923052611,1233.4144354994514,4000,588.5578569793546,186.7917328530154,1.15,1.0,6970.201617637083,8015.731860282644,11.947945806757424,Good
56,Employee_56,Sales,61780.37295210514,192074.10729662213,128961.63389965126,3.852182950093882,14,0.9018500924985796,3.181687591735722,0.6714160264220018,0.7130457375234704,1.0,0.9018500924985796,0.3181687591735722,0.7562208498483678,2074.0166259185876,881.0446319221775,7000,557.1663506145277,98.28292301725908,1.2,1.0,10610.510531472552,12732.61263776706,20.60947843037131,Good
57,Employee_57,HR,65313.49537011492,299677.3519539009,241934.92088347295,3.445152835142061,2,0.9845182614859018,2.033531422652832,0.807318001530825,0.6112882087855153,0.2,0.9845182614859018,0.20335314226528317,0.6216920087400593,2636.438027759699,798.5073918863719,1000,643.0232891335304,66.40852257920946,1.0,1.0,5144.377231358811,5144.377231358811,7.876438402518403,Good
58,Employee_58,Engineering,89067.14014121388,328801.67968367325,589345.4748831845,3.793303203908504,11,0.9210942460394308,6.495580381974693,1.7924040882338859,0.698325800977126,1.0,0.9210942460394308,0.6495580381974693,1.126561039693224,7982.2153058206095,1243.9576395971023,5500,820.3923029525972,289.27138408992977,1.1,1.5,15835.83663246024,22266.78503530347,25.0,Excellent
59,Employee_59,HR,78268.53197406286,407421.6057225236,171171.74034245603,4.783793817553553,13,0.950133660778154,3.597674979162302,0.42013417535601527,0.9459484543883883,1.0,0.950133660778154,0.3597674979162302,0.7412334254317361,1644.1642568624409,1480.7599369622583,6500,743.6556680824834,140.7923695694253,1.0,1.0,10509.372231476607,10509.372231476607,13.427327645495218,Good
60,Employee_60,Engineering,54542.45729762871,117441.5087017735,88923.77295251012,3.293209643384051,5,0.8758479806802445,6.231143992803511,0.7571749880897712,0.5733024108460127,0.5,0.8758479806802445,0.6231143992803511,0.6792940146602179,2064.909222735944,625.3864452439249,2500,477.7090108546657,169.93095257143057,1.1,1.0,5837.935631405964,6421.729194546561,11.773817155879687,Good
61,Employee_61,Engineering,67774.07897540413,497820.2043189364,476949.4999620337,4.026652337384785,7,0.8788433528213005,2.389264437467821,0.9580758189887939,0.7566630843461963,0.7,0.8788433528213005,0.2389264437467821,0.7784166775048158,3246.635311028576,1025.6428727250398,3500,595.6279880111978,80.96509833903431,1.1,1.0,8448.871270103848,9293.758397114234,13.712850897593206,Good
62,Employee_62,HR,67281.32439870208,287977.8055963772,499594.7480664053,3.4664561448490554,8,0.8561302924399719,5.330260916693358,1.7348376797016969,0.6166140362122638,0.8,0.8561302924399719,0.5330260916693358,1.0283027788078898,5836.108835355075,829.7321799838072,4000,576.0157993320943,179.31350693288448,1.0,1.5,11421.17032160386,16820.33109967552,25.0,Excellent
63,Employee_63,Finance,98741.29909878518,211824.13671870343,260078.2469664884,4.162610834453565,1,0.8753402594608246,5.793304892964272,1.2278026998965896,0.7906527086133912,0.1,0.8753402594608246,0.5793304892964273,0.7794724525134628,6061.741681239258,1561.4015116891903,500,864.3223437262951,286.0192256033205,1.05,1.0,9273.484762258064,9737.159000370968,9.861283059107295,Good
64,Employee_64,Engineering,99858.94129471094,453397.6089065036,321630.382728598,4.726277043978008,6,0.8917885508547938,1.4664118314018422,0.7093782067009584,0.9315692609945021,0.6,0.8917885508547938,0.1466411831401842,0.7121491426941651,3541.8878349349166,1860.5104029121449,3000,890.5306054710419,73.21716649291305,1.1,1.0,9366.146009811016,10302.760610792118,10.317314080454613,Good
65,Employee_65,Engineering,60366.085096738,399087.5095589656,417882.31497423694,4.760719937276834,1,0.876551572641512,4.029438503745285,1.0470944466190926,0.9401799843192085,0.1,0.876551572641512,0.4029438503745285,0.7377690304153247,3160.449623446497,1135.0996987932629,500,529.1398682575704,121.62071380458026,1.1,1.0,5446.30990430191,5990.940894732102,9.924348887511067,Good
66,Employee_66,HR,119841.83395342591,481228.73880958126,104990.64058245752,3.4733703873641577,2,0.8633053800635583,2.209732092450768,0.21817200868379882,0.6183425968410394,0.2,0.8633053800635583,0.22097320924507682,0.4238785189105669,1307.3066818984607,1482.0662163390807,1000,1034.601000086762,132.4091732525207,1.0,0.5,4956.383071576824,2478.191535788412,2.0678851900343167,Needs Improvement
67,Employee_67,Engineering,68674.67099926995,232300.1218682055,573555.7804275206,4.815387412697093,1,0.8680953806650901,1.5703747342549097,2.4690291843795293,0.9538468531742732,0.1,0.8680953806650901,0.15703747342549096,1.1408009494242808,8477.988346242999,1310.1023765086431,500,596.1616466316107,53.922484110260946,1.1,1.5,10938.174853493512,17168.667749817487,25.0,Excellent
68,Employee_68,Engineering,118363.0469082857,321105.986734196,541073.8013949847,4.183777477642568,11,0.9191168152049088,9.909642091509507,1.685031808026902,0.7959443694106421,1.0,0.9191168152049088,0.9909642091509507,1.1476182002462758,9972.274946772084,1884.208014658754,5500,1087.894667122928,586.4677158608312,1.1,1.5,19030.8453444146,29590.761727071425,25.0,Excellent
69,Employee_69,HR,78772.59093227619,328916.9876683353,215664.68413769125,3.700436493400627,5,0.8809500577608689,3.9011846047725065,0.6556811968470219,0.6751091233501567,0.5,0.8809500577608689,0.39011846047725063,0.6469280413240368,2582.485335060786,1063.6018961661896,2500,693.94718531762,153.6532095115191,1.0,1.0,6993.687626056115,6993.687626056115,8.878326259534685,Good
70,Employee_70,HR,52313.55130303839,492132.6334864183,87958.36095100007,4.4163623911664,10,0.9046404791572114,8.288870012691714,0.17872897460157458,0.8540905977916,1.0,0.9046404791572114,0.8288870012691714,0.6882536078971518,467.4973691079458,893.610246100272,5000,473.24956117196007,216.8101133265822,1.0,1.0,7051.167289706759,7051.167289706759,13.478663011924455,Good
71,Employee_71,Sales,74154.98736186781,130138.50240245128,565386.8802013311,3.963333975928231,9,0.9255125906282284,3.2917658928738747,4.344501202671605,0.7408334939820578,0.9,0.9255125906282284,0.32917658928738747,1.8495372366522773,16108.32158888662,1098.7299676697573,4500,686.3137446128582,122.05042909214484,1.2,1.5,22515.41573026138,18538.746840466953,25.0,Excellent
72,Employee_72,Finance,94404.59412909548,222278.8077148728,340540.7396359348,3.755975180244509,6,0.9535592242944048,7.133524500015364,1.5320432169708325,0.6889937950611272,0.6,0.9535592242944048,0.7133524500015364,0.9794588139625098,7231.595904318261,1300.883591604218,3000,900.203715475684,336.71874256695463,1.05,1.5,12769.401953965116,20111.808077495058,21.303844651874417,Excellent
73,Employee_73,Finance,97649.38160883368,176364.4124601384,360476.2731680325,4.41016872859332,11,0.8558968209761648,7.842050739007179,2.0439286369607403,0.8525421821483301,1.0,0.8558968209761648,0.7842050739007179,1.2332868991031931,9979.418372590131,1665.0043376446015,5500,835.7779528928912,382.88570260457413,1.05,1.5,18363.086365732197,24412.34540220842,25.0,Excellent
74,Employee_74,Engineering,87165.42083219954,207389.94275606272,435661.16008703335,3.497448308860576,11,0.9699115598363564,6.360748665470599,2.100686052068923,0.624362077215144,1.0,0.9699115598363564,0.6360748665470599,1.212668029685683,9155.359188245975,1088.455664242486,5500,845.4274928315109,277.2186671167982,1.1,1.5,16866.46101243677,21791.355208049885,25.0,Excellent
75,Employee_75,Finance,81344.82152011641,294111.94971052627,400242.6054827552,3.660505058038197,1,0.9441850584236362,5.244185696951425,1.3608512196688571,0.6651262645095493,0.1,0.9441850584236362,0.5244185696951426,0.8025594874568085,5534.909978969797,1082.0915454974204,500,768.0456505943138,213.2936747684305,1.05,1.0,8098.340849829961,8503.25789232146,10.453348760767298,Good
76,Employee_76,Engineering,88702.51623499296,249074.7468376197,570823.6343715937,3.868903688976543,13,0.8622638547923308,4.706568227325417,2.2917764310475564,0.7172259222441357,1.0,0.8622638547923308,0.4706568227325417,1.2504965669948145,10164.316804098506,1272.394880240365,6500,764.8497357856435,208.74222229771743,1.1,1.5,18910.303642422234,22175.62905874824,25.0,Excellent
77,Employee_77,Sales,91488.77067155756,257876.58672378887,571010.830505087,3.507364347746277,1,0.9810367936160166,4.139814398886958,2.214279465071002,0.6268410869365693,0.1,0.9810367936160166,0.41398143988869573,1.0472575596206872,10129.085309131004,1146.9784090049934,500,897.5385023149589,189.37326508129038,1.2,1.5,12862.975485532246,22872.19266788939,25.0,Excellent
78,Employee_78,HR,55659.73284329007,437685.25629052456,530943.445448602,3.8104041735628345,2,0.988130860079772,9.365762298230432,1.2130713516568055,0.7026010433907086,0.2,0.988130860079772,0.9365762298230432,0.8357254091734421,3375.9613676533286,782.1317274108739,1000,549.9909968625055,260.64791369663214,1.0,1.0,5968.732005623339,5968.732005623339,10.723608793503015,Good
79,Employee_79,HR,75875.81192429831,472006.7339243328,410929.8706719258,4.142946050410021,9,0.8591616939782295,8.475574670089562,0.8706017120887131,0.7857365126025053,0.9,0.8591616939782295,0.8475574670089563,0.8549159016436567,3302.8805883707646,1192.3679170456348,4500,651.8959110485368,321.54555480903116,1.0,1.0,9968.689971273967,9968.689971273967,13.138165798106755,Good
80,Employee_80,HR,66951.19567941982,128166.45233981757,496493.6332348479,4.481947721821337,3,0.8915316472220806,9.685242195998612,3.873818960974719,0.8704869304553342,0.3,0.8915316472220806,0.9685242195998611,1.6714018257878847,12967.84056414326,1165.602816345852,1500,596.8910976756099,324.2192727334384,1.0,1.5,16554.55375089816,16737.798919854955,25.0,Excellent
81,Employee_81,Finance,106219.78294659272,183567.4870461441,432127.5380391505,4.534389706217143,1,0.9709301919689592,2.1186750113699024,2.3540526974176252,0.8835974265542859,0.1,0.9709301919689592,0.21186750113699024,1.1183080830436358,12502.348328227064,1877.110537215283,500,1031.3199424723646,112.52259992104045,1.05,1.5,16023.301407835752,25236.69971734131,23.758944913331558,Excellent
82,Employee_82,Sales,82921.04441122268,368457.4067296202,378150.8616694053,4.645580703753386,5,0.9622389535575488,7.577807276832798,1.0263082102917214,0.9113951759383465,0.5,0.9622389535575488,0.7577807276832799,0.8583973617550233,4255.1274342601155,1511.4767972031548,2500,797.8985900215395,314.17984687096947,1.2,1.0,9378.68266835578,11254.419202026935,13.572452303198126,Good
83,Employee_83,Finance,118839.619862639,243458.7125184656,146820.1836816333,4.488423313886596,7,0.8776781529034566,9.44506411138934,0.6030598870865935,0.872105828471649,0.7,0.8776781529034566,0.9445064111389341,0.7653254035148926,3583.3703867888385,2072.8145027112523,3500,1043.0293805278993,561.2239142878817,1.05,1.0,10760.438184315874,11298.460093531668,9.507317598786512,Good
84,Employee_84,Finance,77917.71097111871,201665.4596278955,501826.1719027216,4.362078854193818,6,0.8814023985005065,2.631097595490941,2.4884091347554995,0.8405197135484546,0.6,0.8814023985005065,0.2631097595490941,1.2372181387913512,9694.55718698853,1309.8274421159194,3000,686.7685733561326,102.50455099113428,1.05,1.5,14793.657753451716,19479.427742779677,25.0,Excellent
85,Employee_85,Sales,107150.23112535688,218116.2353675755,506732.5273868568,3.47501294258494,12,0.9055708154187072,1.5984664063009977,2.323222416400582,0.618753235646235,1.0,0.9055708154187072,0.15984664063009976,1.217816199196173,12446.690943646623,1325.9910441811296,6000,970.3212217249237,85.63802244063525,1.2,1.5,20828.64123199331,26787.55778133922,25.0,Excellent
86,Employee_86,Sales,105884.15874891858,229020.3056954402,405488.62845281785,3.8004457857440497,1,0.9226784477786532,7.670085843610531,1.7705357052140689,0.7001114464360124,0.1,0.9226784477786532,0.7670085843610531,0.9524195488432591,9373.58418407575,1482.614230727315,500,976.9703123880068,406.07029354134534,1.2,1.5,12739.239020732415,22930.630237318346,21.656336989646757,Excellent
87,Employee_87,Sales,60550.22807758006,439467.9179698698,506621.9587610594,3.955429781760455,5,0.9427382157295444,6.170258018619207,1.1528076067563906,0.7388574454401138,0.5,0.9427382157295444,0.6170258018619207,0.843863994447041,3490.1381759334345,894.7597367643411,2500,570.830139798748,186.8052651624551,1.2,1.0,7642.533317658978,9171.039981190774,15.146169176176127,Good
88,Employee_88,Sales,85573.9143718503,154648.53257681153,418772.08136604977,3.1657826433867085,5,0.9053370459354658,8.576458990824449,2.707895602941154,0.5414456608466771,0.5,0.9053370459354658,0.8576458990824449,1.2874898121470193,11586.261322699815,926.6724923660689,2500,774.7323484654546,366.9605836472486,1.2,1.5,16154.626747178589,21393.478592962576,25.0,Excellent
89,Employee_89,HR,98706.89647536172,383564.3987640474,187475.8671359076,4.056740242594419,6,0.9193802074199722,2.257951389636605,0.488772857282917,0.7641850606486047,0.6,0.9193802074199722,0.2257951389636605,0.6259244246949565,2412.2625911895816,1508.6067133891968,3000,907.4916695529978,111.43768703162974,1.0,1.0,7939.798661163406,7939.798661163406,8.043813497008554,Good
90,Employee_90,Marketing,110085.1163369604,321127.9907631631,222459.78620698955,3.872671663213112,3,0.9621206407200636,8.15740580673901,0.6927449260287533,0.718167915803278,0.3,0.9621206407200636,0.8157405806739011,0.6854552471806845,3813.0452886857165,1581.1919712135248,1500,1059.1516266385909,449.00448362133017,1.15,1.0,8402.393370159163,9662.752375683036,8.777528422739946,Good
91,Employee_91,Marketing,72817.12336413193,218604.0574591194,191586.34224835451,4.604218498053468,5,0.8555024804335897,2.8146458804297008,0.8764079883749761,0.901054624513367,0.5,0.8555024804335897,0.2814645880429701,0.7423802763061812,3190.875430340567,1312.2441150202285,2500,622.9522965605356,102.47720815079764,1.15,1.0,7728.549050072129,8887.831407582948,12.205688712994247,Good
92,Employee_92,Sales,65416.87332958838,267912.34257851064,276174.7232785474,4.955801337508541,7,0.8878655416516031,2.472903485791341,1.030839865832667,0.9889503343771353,0.7,0.8878655416516031,0.2472903485791341,0.8493441698134612,3371.716046313273,1293.8807750640626,3500,580.813876719293,80.88480704315485,1.2,1.0,8827.295505139782,10592.754606167739,16.19269473916691,Good
93,Employee_93,Marketing,99780.46727066123,202482.7774377832,100260.82880132148,4.112010077285169,5,0.9570024378826828,2.478392181378936,0.49515731693342946,0.7780025193212923,0.5,0.9570024378826828,0.24783921813789359,0.6203321083346133,2470.3514228052245,1552.5890983126037,2500,954.9015043109605,123.6475649689718,1.15,1.0,7601.48959039776,8741.713028957423,8.760946173207365,Good
94,Employee_94,Marketing,106665.07322978009,344605.4843462722,401492.0198557043,3.6453727765551673,5,0.9842810256530798,8.33117248208244,1.1650772784923829,0.6613431941387918,0.5,0.9842810256530798,0.8331172482082441,0.8619597523269136,6213.652661437146,1410.8444046566178,2500,1049.8840767996883,444.32256144562615,1.15,1.0,11618.703704339077,13361.509259989938,12.526602059519803,Good
95,Employee_95,Sales,74406.61911042106,132637.67216009615,255008.19174213777,3.0868015665963453,5,0.92675161631735,6.986774986265801,1.922592485145081,0.5217003916490863,0.5,0.92675161631735,0.6986774986265801,1.0363358969994696,7152.680337337396,776.3592466238212,2500,689.5645452529214,259.9311526066484,1.2,1.5,11378.535281820787,18601.654777605265,25.0,Excellent
96,Employee_96,Marketing,56732.358576399456,102073.94510959472,420975.77039798594,4.849286660447192,10,0.9298170227897972,5.707588822922074,4.124223570921971,0.9623216651117981,1.0,0.9298170227897972,0.5707588822922074,1.872770697086131,11698.846523739194,1091.8955554192066,5000,527.5071274735096,161.9024878543324,1.15,1.5,18480.15169448624,14183.089644099864,25.0,Excellent
97,Employee_97,Finance,115836.62851427228,351157.7659794544,280406.2429020938,4.838231430557319,10,0.8660758017009664,4.229474357111522,0.7985192698785419,0.9595578576393298,1.0,0.8660758017009664,0.42294743571115223,0.8469772564027369,4624.88900132043,2223.03894186636,5000,1003.2330090683539,244.964024957684,1.05,1.0,13096.124977212829,13750.931226073471,11.870969832637362,Good
98,Employee_98,Engineering,77830.04147612656,177709.58140481688,434439.1078658507,3.5059803359784825,3,0.9171118550235182,8.894804867317974,2.444657763703871,0.6264950839946206,0.3,0.9171118550235182,0.8894804867317975,1.1910667655879688,9513.390757200355,975.2027674378144,1500,713.7885371472778,346.1415158727052,1.1,1.5,13048.523577658154,19457.51036903164,25.0,Excellent
99,Employee_99,Engineering,86242.5945369236,128376.36679997106,257124.7761214048,4.390822246213295,1,0.9298925899682536,4.532005966803719,2.0028980608404536,0.8477055615533238,0.1,0.9298925899682536,0.4532005966803719,1.0217091082244887,8636.75626799269,1462.1665406347686,500,801.9634959952185,195.4259765169858,1.1,1.5,11596.312281139664,19133.915263880448,22.18615449432997,Excellent
100,Employee_100,Sales,108639.70741351297,258713.53088555532,215561.1546826696,3.1508690941795385,5,0.8863705755452095,8.349394955244193,0.833204022784666,0.5377172735448846,0.5,0.8863705755452095,0.8349394955244194,0.7182727262058606,4525.9520625544055,1168.3489453821637,2500,962.9503998717865,453.5379125087952,1.2,1.0,9610.789320317152,11532.947184380582,10.615775262062309,Good
